sample_name,st_bp,ed_bp,cnv,del_count,dup_count,del_dup_80_percent_count
NA07000,60908921,60909439,dup,0,0,0
NA07000,60921546,60926868,dup,0,0,0
NA07357,1638233,1896162,del,3,0,3
NA10851,22562688,22564923,del,0,0,0
NA10851,60881686,60883534,dup,0,0,0
NA10851,62571460,62574104,dup,0,0,0
NA10851,21492541,21494357,dup,0,2,0
NA10851,47252990,47254329,dup,0,1,0
NA10851,43922511,43927256,dup,0,0,0
NA10851,54575724,54579261,del,0,0,0
NA11829,1558921,1600612,del,1,0,1
NA11829,1638233,1896162,dup,0,0,0
NA11830,22562688,22564923,del,0,0,0
NA11830,4202113,4229676,del,1,0,1
NA11830,43922511,43927256,dup,0,0,0
NA11830,1558921,1600612,del,1,0,1
NA11830,60881686,60883534,dup,0,0,0
NA11830,47252990,47254329,dup,0,0,0
NA11830,62374037,62494318,dup,0,0,0
NA11830,61450549,61460361,del,0,0,0
NA11830,61287784,61290133,dup,0,0,0
NA11830,62325662,62328572,dup,0,0,0
NA11830,60904161,60905022,dup,0,0,0
NA11830,865664,869141,dup,0,0,0
NA11830,47364321,47444397,del,0,0,0
NA11830,62165466,62173002,dup,0,0,0
NA11830,62221401,62223555,dup,0,0,0
NA11830,61956759,61958199,del,0,0,0
NA11830,61940646,61941917,del,0,0,0
NA11830,54575724,54579261,del,0,0,0
NA11830,62577780,62587728,dup,0,0,0
NA11830,55111180,55206803,del,0,0,0
NA11830,42747053,42789072,dup,0,0,0
NA11830,62707788,62715077,del,0,0,0
NA11830,35441056,35444719,dup,0,0,0
NA11830,62571460,62572409,dup,0,0,0
NA11830,60890998,60892128,dup,0,0,0
NA11830,32378728,32399489,dup,0,0,0
NA11830,629309,645115,dup,0,0,0
NA11830,33589039,33590045,dup,0,0,0
NA11830,2633421,2634041,dup,0,0,0
NA11830,62065056,62071065,dup,0,0,0
NA11830,21492541,21494357,dup,0,0,0
NA11830,479833,585331,del,2,0,2
NA11830,62669942,62680869,dup,0,0,0
NA11830,3653138,3653576,dup,0,0,0
NA11830,25228755,25239983,dup,0,0,0
NA11830,62331778,62332063,dup,0,0,0
NA11830,33732711,33735067,dup,0,0,0
NA11831,1638233,1896162,del,2,0,2
NA11832,1551406,1559401,del,2,0,1
NA11832,1638233,1896162,dup,0,0,0
NA11881,22562688,22564923,del,0,0,0
NA11881,1638233,1896162,dup,0,0,0
NA11881,60921546,60926868,dup,0,0,0
NA11881,60881686,60883534,dup,0,0,0
NA11881,43922511,43927256,dup,0,0,0
NA11881,62165466,62173002,dup,0,0,0
NA11881,47252990,47254329,dup,0,0,0
NA11881,21492541,21494357,dup,0,0,0
NA11881,60909169,60910189,dup,0,0,0
NA11881,60904161,60905022,dup,0,0,0
NA11918,1895652,1902379,del,0,0,0
NA11995,22562688,22564923,del,0,0,0
NA11995,4202113,4229676,del,1,0,1
NA11995,43922511,43927256,dup,0,0,0
NA11995,47252990,47254329,dup,0,0,0
NA11995,1638233,1896162,del,0,0,0
NA11995,62374037,62494318,dup,0,0,0
NA11995,42697217,42747323,del,0,0,0
NA11995,644307,741895,dup,0,0,0
NA11995,61457135,61458679,del,0,0,0
NA11995,306482,330501,del,0,0,0
NA11995,825439,853802,del,0,0,0
NA11995,62577780,62587728,dup,0,0,0
NA11995,21492541,21494357,dup,0,0,0
NA11995,61460946,61464453,del,0,0,0
NA11995,62165466,62173002,dup,0,0,0
NA11995,61943716,61944654,del,0,0,0
NA11995,3846321,3870421,del,1,0,1
NA12003,22562688,22564923,del,0,0,0
NA12003,43926483,43933452,dup,0,0,0
NA12003,4202113,4229676,del,1,0,1
NA12003,61956986,61957534,del,0,0,0
NA12003,21492541,21494357,dup,0,0,0
NA12003,644307,741895,dup,0,0,0
NA12003,42939581,42966107,dup,0,0,0
NA12003,62577780,62587728,dup,0,0,0
NA12003,60881686,60883534,dup,0,0,0
NA12003,62165466,62173714,dup,0,0,0
NA12003,62221401,62223555,dup,0,0,0
NA12003,1638233,1896162,del,3,0,3
NA12003,42747053,42789072,dup,0,0,0
NA12003,62328092,62328897,dup,0,0,0
NA12003,23334619,23346414,dup,0,0,0
NA12003,35443519,35467838,dup,0,0,0
NA12003,306482,307573,del,0,0,0
NA12003,47251203,47253230,dup,0,0,0
NA12003,3846321,3870421,del,0,0,0
NA12003,61940646,61941308,del,0,0,0
NA12005,1558921,1600612,del,0,0,0
NA12043,34084354,34085901,dup,0,0,0
NA12043,52786118,52790169,dup,0,0,0
NA12044,1638233,1896162,dup,0,0,0
NA12044,60921546,60926868,dup,0,0,0
NA12044,21492541,21494357,dup,0,0,0
NA12044,62492878,62500841,dup,0,0,0
NA12044,60902843,60906196,dup,0,0,0
NA12044,62161387,62173714,dup,0,0,0
NA12044,60736413,60738017,dup,0,0,0
NA12144,1638233,1896162,dup,0,0,0
NA12144,21492541,21494357,dup,0,0,0
NA12156,23615887,23666632,dup,0,0,0
NA12156,19560620,19565716,dup,0,0,0
NA12156,22562429,22563847,dup,0,0,0
NA12156,23856806,23858258,dup,0,0,0
NA12234,1638233,1896162,dup,0,0,0
NA12234,22562688,22564923,dup,0,0,0
NA12234,60900336,60903113,del,0,0,0
NA12234,60912594,60927423,del,0,0,0
NA12234,1558921,1600612,del,0,0,0
NA12234,17639231,17641187,dup,0,0,0
NA12489,1638233,1896162,del,2,0,2
NA12762,1558921,1600612,del,0,0,0
NA12762,1638233,1896162,dup,0,0,0
NA12812,22562688,22564923,dup,0,0,0
NA12813,10620134,10621625,del,0,0,0
NA12813,50244102,50245624,dup,0,0,0
NA12813,1638233,1896162,dup,0,0,0
NA12813,43850345,43881117,dup,0,0,0
NA12813,25456661,25459880,del,0,0,0
NA12813,30227697,30231392,del,0,0,0
NA12813,61945368,61950953,dup,0,0,0
NA12813,60883703,60885150,dup,0,0,0
NA12813,49225771,49227789,dup,0,0,0
NA12813,6750766,6759749,dup,0,0,0
NA12813,17639231,17641187,del,0,0,0
NA12813,45633454,45644997,dup,0,0,0
NA12813,34214426,34215388,dup,0,0,0
NA12813,43378718,43385003,dup,0,0,0
NA12813,60902255,60902774,dup,0,0,0
NA12813,10639062,10644696,dup,0,0,0
NA12815,1558921,1600612,del,0,0,0
NA12872,10594357,10620614,dup,0,0,0
NA12873,1514975,1517998,dup,0,0,0
NA12873,44686108,44691533,dup,0,0,0
NA12878,1638233,1896162,del,71,0,70
NA18486,56793551,56803479,del,2,0,0
NA18498,35068153,35071214,dup,0,0,0
NA18498,61978032,61982408,dup,0,0,0
NA18498,44663543,44665466,dup,0,0,0
NA18498,62073671,62076219,dup,0,0,0
NA18498,139359,168762,dup,0,0,0
NA18501,11898876,11904337,dup,0,0,0
NA18502,10601921,10620614,del,0,0,0
NA18502,50238601,50245624,dup,0,0,0
NA18502,17639231,17641187,del,0,0,0
NA18502,25456661,25459880,del,0,0,0
NA18502,61978032,61982408,dup,0,0,0
NA18502,50007900,50049308,del,0,0,0
NA18502,2779038,2779575,del,0,0,0
NA18502,34099113,34116140,dup,0,0,0
NA18502,30156912,30227937,dup,0,0,0
NA18502,25249743,25252130,del,0,0,0
NA18502,50307257,50329618,dup,0,0,0
NA18502,47252990,47256487,del,0,0,0
NA18502,34214426,34218446,dup,0,0,0
NA18502,45633454,45644997,dup,0,0,0
NA18502,35310890,35316074,dup,0,0,0
NA18502,62608259,62608788,dup,0,0,0
NA18502,21314543,21324906,dup,0,0,0
NA18502,3614936,3624917,del,0,0,0
NA18502,57485332,57485930,dup,0,0,0
NA18502,35237948,35242448,dup,0,0,0
NA18502,33128346,33163098,dup,0,0,0
NA18502,60893863,60895990,dup,0,0,0
NA18502,19998616,20003171,dup,0,0,0
NA18502,60883703,60884951,dup,0,0,0
NA18502,42697217,42743535,dup,0,0,0
NA18502,13695487,13699652,del,0,0,0
NA18502,18529213,18535076,dup,0,0,0
NA18502,55051990,55059265,del,0,0,0
NA18502,45357909,45362493,del,0,0,0
NA18502,44533378,44533788,dup,0,0,0
NA18502,3016143,3025523,dup,0,0,0
NA18502,3145058,3147054,dup,0,0,0
NA18502,33862063,33867579,dup,0,0,0
NA18502,42200673,42203656,dup,0,0,0
NA18502,3541250,3544052,dup,0,0,0
NA18502,61588065,61588982,dup,0,0,0
NA18502,44984386,44986456,dup,0,0,0
NA18502,3052946,3065380,dup,0,0,0
NA18502,3209450,3209944,dup,0,0,0
NA18502,44686108,44691533,del,0,0,0
NA18502,49227356,49227789,dup,0,0,0
NA18502,35068153,35075399,dup,0,0,0
NA18502,62851024,62853442,del,0,0,0
NA18504,35068153,35071214,dup,0,0,0
NA18504,1895652,1903304,dup,0,0,0
NA18505,17639231,17641187,del,0,0,0
NA18505,57485332,57485930,dup,0,0,0
NA18505,60893863,60895990,dup,0,0,0
NA18505,45633454,45644997,dup,0,0,0
NA18505,55051990,55059265,del,0,0,0
NA18505,60883703,60885922,dup,0,0,0
NA18505,50015185,50049308,del,0,0,0
NA18505,10603246,10620614,del,1,0,0
NA18505,44985154,44986456,dup,0,0,0
NA18505,50244102,50245624,dup,0,0,0
NA18505,3619468,3624917,del,1,0,0
NA18505,36014437,36022406,dup,0,0,0
NA18505,61978032,61982408,dup,0,0,0
NA18505,60921546,60922086,del,0,0,0
NA18505,61588065,61588982,dup,0,0,0
NA18505,3726469,3729070,dup,0,0,0
NA18505,62851024,62853442,del,0,0,0
NA18505,4202113,4229676,dup,0,0,0
NA18505,49227356,49227789,dup,0,0,0
NA18505,3541250,3544052,dup,0,0,0
NA18505,22562688,22564923,dup,0,0,0
NA18505,25456661,25459880,del,0,0,0
NA18505,57568628,57569335,dup,0,0,0
NA18505,2779038,2779575,del,0,0,0
NA18505,58452404,58461945,del,2,0,2
NA18505,62587608,62591546,del,0,0,0
NA18505,43850008,43852025,dup,0,0,0
NA18505,57287524,57288657,dup,0,0,0
NA18507,17639449,17641187,del,0,0,0
NA18507,61960913,61982408,dup,0,0,0
NA18507,50241665,50245624,dup,0,0,0
NA18507,10620134,10621625,del,0,0,0
NA18507,30227697,30231392,del,2,0,2
NA18507,31620749,31622103,dup,0,0,0
NA18507,3209450,3209944,dup,0,0,0
NA18507,61950360,61950953,dup,0,0,0
NA18508,60587780,60589802,del,1,0,1
NA18508,22562688,22564923,dup,0,0,0
NA18508,62577780,62591546,del,0,0,0
NA18508,3654656,3654958,dup,0,0,0
NA18508,60921546,60922086,del,0,0,0
NA18508,30227697,30231392,del,1,0,0
NA18508,34099113,34116140,dup,0,0,0
NA18508,32664735,32666392,dup,0,0,0
NA18508,62708164,62715077,dup,0,0,0
NA18508,21492541,21494357,del,0,0,0
NA18508,62328657,62329954,dup,0,0,0
NA18508,2517224,2539440,dup,0,0,0
NA18508,61040873,61041664,del,0,0,0
NA18508,30155874,30193390,dup,0,0,0
NA18508,39986447,39986993,dup,0,0,0
NA18508,39977681,39979045,dup,0,0,0
NA18508,57485332,57485930,dup,0,0,0
NA18510,1638233,1896162,del,4,0,4
NA18519,20373699,21227225,dup,0,0,0
NA18519,37128062,37161557,del,0,0,0
NA18519,17474716,17479694,del,0,0,0
NA18519,21311238,21319763,del,0,0,0
NA18519,34450858,34457506,dup,0,0,0
NA18519,58467022,58475385,del,0,0,0
NA18519,35748903,35796704,dup,0,0,0
NA18519,2443683,2446469,del,0,0,0
NA18519,33764498,33859684,dup,0,0,0
NA18519,33173162,33176453,dup,0,0,0
NA18519,35555529,35559280,dup,0,0,0
NA18519,3302826,3313027,dup,0,0,0
NA18519,47604993,47606276,dup,0,0,0
NA18519,47361472,47557810,dup,0,0,0
NA18519,3891170,3893312,del,0,0,0
NA18519,19955264,20003171,dup,0,0,0
NA18519,30371465,30381858,dup,0,0,0
NA18519,3540024,3541610,del,0,0,0
NA18519,16712319,16713014,del,0,0,0
NA18519,3562771,3564757,dup,0,0,0
NA18519,6100005,6194836,del,1,0,1
NA18519,41385068,41400192,dup,0,0,0
NA18519,35386466,35396468,dup,0,0,0
NA18519,11898876,11899838,dup,0,0,0
NA18519,55913321,55915255,del,0,0,0
NA18519,9353662,9365072,del,0,0,0
NA18519,5163001,5165607,del,0,0,0
NA18519,30521541,30522712,dup,0,1,0
NA18519,3355634,3362205,dup,0,0,0
NA18519,40074296,40076626,del,0,0,0
NA18519,2559772,2560708,del,0,0,0
NA18520,44451942,44453047,dup,0,0,0
NA18520,54575724,54579261,dup,0,0,0
NA18520,62298803,62304001,dup,0,0,0
NA18520,44334462,44351123,dup,0,0,0
NA18634,42743415,42745027,del,0,0,0
NA18639,1638233,1896162,del,0,0,0
NA18639,23966277,23966896,del,0,0,0
NA18641,1638233,1896162,del,0,0,0
NA18643,1558921,1600612,dup,0,0,0
NA18645,1638233,1896162,del,0,0,0
NA18740,1638233,1896162,dup,0,0,0
NA18740,29624004,29628338,dup,0,0,0
NA18740,61430220,61431021,dup,0,0,0
NA18740,17639231,17641187,dup,0,0,0
NA18740,62599092,62608529,del,0,0,0
NA18740,61833588,61847000,dup,0,0,0
NA18747,1638233,1896162,del,0,0,0
NA18748,61430220,61431021,dup,0,0,0
NA18748,61833588,61845315,dup,0,0,0
NA18748,61576057,61588335,dup,0,0,0
NA18749,1638233,1896162,del,0,0,0
NA18757,1638233,1896162,del,0,0,0
NA18853,1638233,1896162,del,7,0,7
NA18867,1638233,1896162,dup,0,0,0
NA18870,1638233,1896162,del,5,0,5
NA18874,20453416,21213479,dup,0,0,0
NA18874,17474716,17479694,del,0,0,0
NA18874,37153384,37159901,del,0,0,0
NA18874,35766172,35802578,dup,0,0,0
NA18874,5159412,5165607,del,0,0,0
NA18874,34450858,34457506,dup,0,0,0
NA18874,45874706,45878226,del,0,0,0
NA18874,19915732,19998736,dup,0,0,0
NA18874,9433961,9453525,dup,0,0,0
NA18874,3302826,3313027,dup,0,0,0
NA18874,11898876,11899838,dup,0,0,0
NA18874,21314288,21314829,del,0,0,0
NA18874,30371465,30381858,dup,0,0,0
NA18874,47361472,47364441,dup,0,0,0
NA18874,18414292,18446007,dup,0,0,0
NA18874,39708712,39713214,dup,0,0,0
NA18874,6021589,6025377,del,0,0,0
NA18874,40076506,40080685,del,0,0,0
NA18874,6100005,6194836,del,1,0,1
NA18874,37137665,37145043,del,1,0,0
NA18874,2635343,2635898,dup,0,0,0
NA18874,34207084,34207704,dup,0,0,0
NA18874,34041655,34051487,dup,0,0,0
NA18874,57288417,57290422,dup,0,0,0
NA18874,35555529,35559280,dup,0,1,0
NA18874,25263772,25270585,dup,0,0,0
NA18874,18365005,18371122,dup,0,0,0
NA18874,2451274,2465334,dup,0,0,0
NA18874,15412004,15480515,del,0,0,0
NA18874,60733705,60735034,dup,0,0,0
NA18912,56793551,56803479,del,0,0,0
NA18956,60904752,60909439,del,0,0,0
NA18956,33589039,33590045,del,0,0,0
NA18956,60921546,60937651,del,1,0,1
NA18956,61450549,61453549,dup,0,0,0
NA18956,62325662,62328897,del,0,0,0
NA18956,60901684,60902495,del,0,0,0
NA18956,57251234,57269005,del,1,0,1
NA18956,62708164,62715077,dup,0,0,0
NA18960,1638233,1896162,del,6,0,6
NA18964,1895652,1902379,dup,0,0,0
NA18965,60881686,60937651,del,2,0,1
NA18965,62324136,62328897,del,0,0,0
NA18965,62165466,62192060,del,0,0,0
NA18965,33586010,33591435,del,0,0,0
NA18965,61938800,61944334,del,0,0,0
NA18965,3765531,3778452,dup,0,0,0
NA18965,62065056,62071065,del,0,0,0
NA18965,60585011,60697905,del,1,0,1
NA18965,62571460,62576112,del,0,0,0
NA18965,62406962,62494318,del,0,0,0
NA18965,34285543,34286517,dup,0,0,0
NA18965,61460052,61460361,del,0,0,0
NA18965,2517878,2542699,dup,0,0,0
NA18965,39791524,39792128,dup,0,0,0
NA18965,60427761,60470154,del,0,0,0
NA18965,42744283,42789072,del,0,0,0
NA18965,33572612,33572960,del,0,0,0
NA18965,21492541,21687750,del,1,0,1
NA18965,30421469,30436717,dup,0,0,0
NA18965,18414292,18424109,dup,0,0,0
NA18965,31996450,32005746,del,0,0,0
NA18965,50776577,50781314,del,0,0,0
NA18965,62364864,62370281,del,0,0,0
NA18965,62705151,62705733,del,1,0,0
NA18965,60503214,60504903,del,0,0,0
NA18978,1638233,1896162,del,0,0,0
NA18980,22562688,22564923,dup,0,0,0
NA18980,4202113,4229676,dup,0,0,0
NA18980,39978353,39980570,dup,0,0,0
NA18980,60585011,60589802,del,0,0,0
NA18980,17639231,17641187,del,0,0,0
NA18980,43560937,43564148,dup,0,0,0
NA18980,50244102,50245624,dup,0,0,0
NA18980,44685755,44686258,del,0,0,0
NA18980,3654656,3654958,dup,0,0,0
NA18980,60893863,60897534,dup,0,0,0
NA18980,46294802,46295237,dup,0,0,0
NA18980,21492541,21494357,del,0,0,0
NA18980,30155874,30193390,dup,0,0,0
NA18980,62319421,62320506,del,0,0,0
NA18980,42697217,42745027,dup,0,0,0
NA18980,36775057,36776546,del,0,0,0
NA18980,62577780,62587728,del,0,0,0
NA18980,825439,853802,dup,0,0,0
NA18980,2644001,2644670,dup,0,0,0
NA18980,3183840,3190290,dup,0,0,0
NA18980,46300889,46305422,del,0,0,0
NA18980,21321304,21324906,dup,0,0,0
NA18980,32378728,32399489,del,2,0,2
NA18980,62337986,62338456,del,0,0,0
NA18980,60904161,60905022,del,0,0,0
NA18980,61040873,61041664,del,0,0,0
NA18980,3732125,3734814,del,0,0,0
NA18980,3846321,3870421,dup,0,0,0
NA18980,3670237,3670933,dup,0,0,0
NA18997,10601921,10620614,dup,0,0,0
NA18997,1638233,1896162,del,0,0,0
NA18997,17639231,17641187,dup,0,0,0
NA18997,37380738,37383828,dup,0,0,0
NA18997,34487250,34501410,dup,0,0,0
NA18997,19654211,19662646,del,0,0,0
NA18997,61430781,61438982,dup,0,0,0
NA18997,55051990,55059265,dup,0,0,0
NA18997,1558921,1600612,dup,0,0,0
NA18997,44469001,44470717,dup,0,0,0
NA18997,35219243,35236229,dup,0,0,0
NA18997,61978032,61982408,del,0,0,0
NA18998,1638233,1896162,del,1,0,1
NA18998,22562688,22564923,dup,0,0,0
NA18998,4202113,4229676,dup,0,0,0
NA18998,60921546,60926868,del,0,0,0
NA19005,1638233,1896162,dup,0,0,0
NA19007,23965805,23966896,del,1,0,0
NA19007,1638233,1896162,del,3,0,3
NA19012,61453429,61454023,dup,0,0,0
NA19092,1638233,1896162,dup,0,0,0
NA19099,50241665,50245624,dup,0,0,0
NA19099,40143367,40180019,del,0,0,0
NA19099,61947853,61950600,dup,0,0,0
NA19099,10603246,10620614,del,0,0,0
NA19099,57485332,57485930,dup,0,0,0
NA19099,17640590,17705853,del,1,0,1
NA19099,62587608,62591546,del,0,0,0
NA19099,24989814,24993328,dup,0,0,0
NA19099,30227697,30231392,del,0,0,0
NA19099,46300889,46305422,del,0,0,0
NA19099,5166377,5167528,del,0,0,0
NA19172,13912212,13936787,del,0,0,0
